Generation,Best,Average,Worst,Standard deviation
0.0,216386.39680223912,249983.73299180527,283258.0729264936,17352.514868893108
1.0,213531.83504725603,243110.48322855946,283232.57507966436,20454.896491077357
2.0,208847.83511251182,237731.82802138364,283232.57507966436,21974.531808275988
3.0,205837.63941766354,231256.97966357827,283232.57507966436,22588.565498059263
4.0,202711.7822051918,226047.67481162352,281222.98866470146,22451.59590483116
5.0,199740.71822884557,222072.2591403635,280600.0794261041,22665.131494321904
6.0,195130.1355645155,217421.94951122024,280600.0794261041,22052.313706484347
7.0,191172.50084367325,213202.69977666152,280600.0794261041,22005.955077564173
8.0,188880.81097513405,208808.79517533648,280600.0794261041,21264.495169165508
9.0,184225.57768073445,204202.1030648962,280329.8728020565,19652.83834814187
10.0,183109.34999631072,199807.3574588329,279478.5743364039,18386.193430302614
11.0,178912.32357524073,196653.06945065263,279825.9358299936,17731.660902739022
12.0,176424.7037625679,192980.13417812815,279825.9358299936,16994.075764354064
13.0,171339.2760035385,189772.5203651612,274159.55936024984,16804.898068277114
14.0,169476.00268223055,185998.93605503524,274114.4407459594,16860.558985132622
15.0,167276.64447922894,182642.5232214174,274261.8849035379,17486.766330894865
16.0,164926.03988407043,179788.02006722434,275903.39826985094,16635.0906576063
17.0,162576.50794215885,176910.1540929455,275903.39826985094,16058.092270475188
18.0,159872.8067718728,174326.15944685615,275903.39826985094,16152.414054754088
19.0,156147.83566087502,172421.5366297292,275903.39826985094,17070.51774304983
20.0,153416.03292619679,169269.91597068176,276343.56112394977,17093.544516655384
21.0,149934.8203338165,166210.5330349849,276032.9646251313,15790.699496377436
22.0,147719.86298164248,162593.36286471982,275885.193130388,13881.06410198144
23.0,145696.95463199532,160110.99077115813,275885.193130388,13657.133210844977
24.0,143019.7229639023,157506.10624562038,275885.193130388,13013.094289084454
25.0,141621.70995663642,154266.49902829868,275885.193130388,12514.206276801775
26.0,138884.6242229942,151726.57420143456,251032.85727291077,12216.384606894875
27.0,137414.25325467804,149249.29620982154,250587.27198578353,11567.531450084874
28.0,134481.38314974323,147119.90165853064,250587.27198578353,11189.989794058272
29.0,133819.87713305472,145200.08922398408,250783.23586087904,12227.095358515138
30.0,132425.9124396307,142989.63473217224,249703.41228936342,11270.14242094253
31.0,130638.07788027464,141284.0328483931,249703.41228936342,10952.12430207938
32.0,129419.93367773849,139982.9049843556,249877.64689147423,11551.460366469699
33.0,127551.05955362292,138305.01286272283,191908.06794454722,11376.79132935942
34.0,125909.55273779188,136360.97994340514,191908.06794454722,11069.702706260035
35.0,123686.87279292887,134318.4653838869,191716.0581550622,9736.974809152196
36.0,122611.94141182199,132010.09298920317,189205.84039645275,9376.419192660383
37.0,121287.04613846501,130536.96518277044,189205.84039645275,9656.197306584814
38.0,119857.9333410851,128713.30049951657,189205.84039645275,9493.563542204372
39.0,118604.48820643447,127222.65198561245,189205.84039645275,8991.770010564736
40.0,117365.106085564,125886.80848091014,189205.84039645275,8873.031899653166
41.0,116224.43876592499,124288.75752364667,175052.87996229302,8356.740204552028
42.0,115172.42410792872,123153.26901050775,175052.87996229302,8573.746334139953
43.0,114081.99733524535,121853.50681835477,171911.235338395,8078.937997680138
44.0,112417.42314210928,120426.38564374718,171682.88356653467,7993.20182338183
45.0,110684.64574919821,119266.07935449143,171682.88356653467,7715.758028589972
46.0,110005.4486390199,117930.06107729365,176690.48848965604,8278.23105763839
47.0,109070.70343327434,117152.60722320287,176690.48848965604,8378.336702434943
48.0,107915.38422911635,115970.15229018967,174891.03668670444,8455.822548080145
49.0,106862.2598979986,115007.6838332133,174891.03668670444,8863.05799006301
50.0,104667.36935813847,113597.96862592433,174891.03668670444,8354.160896693944
51.0,104465.20697340678,112086.58766233241,174891.03668670444,7990.3701216387035
52.0,103538.97877606848,111034.82700759437,174891.03668670444,8018.047618914704
53.0,101533.19685532624,109675.07368443892,174891.03668670444,7098.507250893833
54.0,101008.21083094983,108299.03732182068,175844.66151404264,7474.783263930099
55.0,99303.64052406506,107437.64097398009,174891.03668670444,6854.853540936222
56.0,98203.01669947011,106370.19322488991,174530.98263929272,6858.6210217837715
57.0,97392.17716016504,105106.52347559812,174530.98263929272,7462.572892099593
58.0,96429.34947211307,103834.54287745693,175325.33345761022,7371.019291566505
59.0,95609.81456658583,102646.36850896811,178876.34119525919,7870.919145422325
60.0,95173.4477210458,101431.32508218495,174530.98263929272,7027.764336642094
61.0,94354.68397291846,100806.2623328734,128300.05299818827,6162.579471870896
62.0,93558.00930295595,99975.03649313786,129677.01559536248,5989.98024028734
63.0,92970.04285913202,99132.2575383796,127650.12147274098,5968.118256861546
64.0,92729.17055745207,98459.4048492305,131086.7215483964,6059.266955883543
65.0,92145.35732543717,98067.84002124946,126632.34399396324,5550.384933875507
66.0,90616.0812058214,97436.61264092012,129576.08873861562,5360.028089884643
67.0,90146.21755860225,96462.94507427546,129576.08873861562,5742.796236884472
68.0,90013.10039494168,95681.38485980692,126535.11014811647,5896.737247852188
69.0,89118.43505094618,94749.25529367189,130351.94101211154,5714.237605905963
70.0,88668.48394601395,94147.62644579104,130351.94101211154,5768.6687077605575
71.0,86732.30567544315,93698.40408123142,130351.94101211154,5739.5856441830065
72.0,85428.95125378639,92521.86021780004,130202.84213782445,5735.249235432873
73.0,84693.08220136633,91376.26143542367,130202.84213782445,5823.3975884034235
74.0,83685.92394068392,90632.52906452173,130202.84213782445,6225.6577860045
75.0,83132.25011404487,89795.69794470606,116199.11964415184,6519.619736292126
76.0,82515.4949218008,88488.14963879027,114255.71407534066,6078.065388790601
77.0,81528.98430132231,87714.86690763045,113630.14417350692,5968.7436360218635
78.0,80705.29515278572,86980.34413594607,115234.64571749464,5916.915184728238
79.0,80047.93009283625,86023.18016128457,114207.8927222126,5950.941524693
80.0,79135.54603967501,85212.30740035533,114207.8927222126,5850.658748611269
81.0,78413.91465585545,84483.74018297513,115886.36787010905,6056.684765525571
82.0,77207.94353651855,83748.41943226231,115886.36787010905,6029.128677310385
83.0,76471.71657874368,82933.02832257717,117924.30556004289,6091.861543478462
84.0,75473.36818162946,82093.31516909639,123414.13562026236,6383.776199437163
85.0,75213.58486305145,81050.86060404296,123414.13562026236,6170.653954679852
86.0,74726.49139049933,80314.87137731769,113853.11703883618,5967.26066081681
87.0,73733.95974792061,79644.30088175548,111414.46531116763,5902.711844116725
88.0,73556.32366115817,79153.79289432366,110670.41884433186,6123.365195702859
89.0,72970.4223578637,78794.19018762032,110670.41884433186,6200.674777941684
90.0,72148.275865031,78116.22286025305,107359.09365357354,5893.462869744126
91.0,71384.73847497409,77193.46200667633,107300.3644742191,5619.828629365385
92.0,70896.23824023822,76614.58025975968,107300.3644742191,5854.695768531477
93.0,70896.23824023822,76227.18162743849,106183.44873491468,6093.816126469387
94.0,70361.46756557928,74884.98380055676,103565.51329234187,5498.985037754147
95.0,69630.01608617677,74482.46442103147,107171.4949741896,5428.9318352261425
96.0,68964.27336224461,73868.57150772047,105612.38999886358,5263.452371799047
97.0,68403.23211136766,73409.34435259787,104106.96067405301,5281.869744646235
98.0,67557.05066350862,73016.19258545632,104106.96067405301,5408.938493424084
99.0,67055.2525837118,72409.16268497503,104106.96067405301,5681.174852903165
100.0,66014.74297095672,71962.2151543776,104106.96067405301,5669.240704788155
101.0,65884.20799785678,71370.81378724906,101375.44229404227,5656.857456746847
102.0,65508.66025971165,71111.99093500529,104009.73126143914,5837.755162175279
103.0,65360.538839613866,70389.44493272892,104009.73126143914,5510.992538737743
104.0,64821.878681977694,69903.11153680696,104009.73126143914,5383.710301185436
105.0,64489.00808671302,69356.2890651006,104009.73126143914,5367.019042685066
106.0,63714.255710694546,68877.50904286436,104556.16623980996,5138.347557906267
107.0,63058.885583980176,68374.9547055409,100966.24884645868,5189.107560894328
108.0,62659.58003469086,67650.86175207437,101333.80679102094,4960.830570438805
109.0,62063.40533100371,67031.2545943948,101333.80679102094,5091.64540785909
110.0,62003.18505273103,66388.91316519397,91709.94144789469,4819.876977636377
111.0,61585.287245640626,65984.73756506869,96213.51644592627,4928.951402874026
112.0,60662.358386376894,65578.53600008837,96213.51644592627,4935.303770801993
113.0,60190.00540795507,65053.42603384235,89143.07661815496,4911.708826761317
114.0,59344.651683648626,64642.05578970609,89143.07661815496,4905.2500618865415
115.0,59344.651683648626,64190.69950065581,89550.00172982215,5124.780845411223
116.0,59234.053371228605,63094.65115122326,87944.62067866368,5024.498996564937
117.0,58935.37547269072,62867.86592609508,90086.08517038141,4749.010602485798
118.0,58735.073183115885,62558.24730576132,83952.5273766773,4477.196171150185
119.0,58642.02786582438,62204.310264706306,86528.3611952701,4402.784142901421
120.0,58090.98451503023,62007.12891935649,87023.77321051055,4363.764930812714
121.0,57975.751718007916,61731.024089385784,87023.77321051055,4394.72697764208
122.0,57156.90184306524,61503.59818247112,87494.04288222731,4522.906646514629
123.0,56988.339105949395,61176.30069178409,87950.78636097189,4757.896879446398
124.0,56600.16513725338,60843.17597802244,89021.62103728596,4682.5200633107115
125.0,56252.30648779147,60527.14125623235,90001.44079819805,4860.355775901833
126.0,55905.93717578178,60318.88550037523,89021.62103728596,4877.985932941956
127.0,54931.33751949845,59946.88131200092,89021.62103728596,4958.10138531881
128.0,54426.886769772645,59529.98157272952,90649.27072372915,5024.587371324061
129.0,54010.66666538333,58986.928047457295,90649.27072372915,5090.794816165411
130.0,53888.048320292895,58504.912048863014,93500.78649675708,5133.278033992084
131.0,53820.753609759515,58333.69925295698,89916.19231573175,5392.411241002807
132.0,53820.753609759515,58182.69885045194,87179.40873718626,5471.02583528162
133.0,53430.353358504326,57816.57589185555,87179.40873718626,5120.590423614505
134.0,53088.46890091576,57282.89194030279,84090.9305426082,4896.8490190005095
135.0,53007.68973797558,56937.82904447617,85928.40126014984,4912.241268110835
136.0,52447.5674612289,56575.59202024417,85928.40126014984,4729.098254190011
137.0,52447.5674612289,56235.225090470674,85009.00929516154,4581.882936127999
138.0,51925.25179327979,55675.41801622769,81805.32056881755,4456.49252522669
139.0,51028.786252269565,55385.60951324468,81805.32056881755,4532.91022008361
140.0,50720.94931673715,55037.18583737009,80732.5819805309,4622.735588797556
141.0,50720.94931673715,54569.292153063885,78909.70751296278,4363.325148274619
142.0,50329.0890563618,53886.496946729276,82652.42995973799,4284.660596016327
143.0,50329.0890563618,53661.01271874549,78909.70751296278,4304.382483237729
144.0,50202.25486624293,53183.304945218406,82769.23220235146,4249.01848112336
145.0,50202.25486624293,53203.05494094327,82769.23220235146,3960.5334476752714
146.0,49908.40715360391,53559.59847493995,82769.23220235146,4202.064228286845
147.0,49849.846984275966,53220.486357418915,84208.74927711184,4102.315447790014
148.0,49588.326071029325,53059.60809826546,75345.60003165765,3970.4435610878354
149.0,48949.15247623752,52807.695753379,75345.60003165765,3890.428619572874
150.0,48783.070173521824,52567.13309361276,77699.42252674383,4053.1465037962407
151.0,48783.070173521824,52557.49506430158,77699.42252674383,4080.078653438004
152.0,48645.391846117476,52100.21869283343,75999.47043665835,3963.871457657592
153.0,48479.309543401774,52003.43028609914,75154.75009420904,3923.342873236777
154.0,48105.85947000666,51733.351090770586,69227.34034578527,3817.0603288442885
155.0,47710.323334123124,51542.596462920475,70195.42037848628,4018.785949816522
156.0,47618.115571124596,51295.813598916124,70195.42037848628,4010.9891360482748
157.0,47222.57943524106,51119.29707548053,70195.42037848628,4170.772850139202
158.0,46607.2424827285,50815.116210995206,70708.49215493407,4128.612235643889
159.0,46526.335881247236,50577.00984412032,70708.49215493407,4375.535128759051
160.0,46479.66934791276,50255.454925986785,71917.46887185592,4413.532125517329
161.0,46240.70017012402,50236.95689341029,71917.46887185592,4564.997485674525
162.0,46053.80280416253,50043.673054487,78828.37841175572,4629.785739844435
163.0,45630.6311315863,49984.46822930916,75066.05210999807,4723.768522785069
164.0,45593.8715818962,49589.94257689691,75066.05210999807,4637.107627049408
165.0,45444.40779402529,49344.03261258581,71585.81660619557,4754.270001273954
166.0,45339.82921322583,49086.75493990302,72368.79266742137,4685.71109850602
167.0,45339.82921322583,48823.914830086294,76909.51614594337,4712.136610952856
168.0,45339.82921322583,48785.99075473828,76909.51614594337,4801.810974918542
169.0,45052.057143814025,48172.7825195287,73457.54532354213,4450.462163370149
170.0,44472.82831526151,48431.70491410767,74768.31701747747,4395.832319443365
171.0,44472.82831526151,48219.7353374836,75902.9540878262,4463.410862716804
172.0,44351.24078544199,47566.865060488366,74348.46689126042,4344.974196994012
173.0,44351.24078544199,47357.627309488365,79167.0003038747,4318.292614249494
174.0,44302.10139779897,47246.81734191233,79167.0003038747,4372.4739943945715
175.0,44188.74582886511,47100.33209197161,74348.46689126042,3768.9889804080917
176.0,44066.83598549936,47261.61248414582,74348.46689126042,3959.1901199397303
177.0,43995.613731800746,47287.025876094354,74348.46689126042,4103.619084312136
178.0,43821.58931911276,47219.88564118572,74348.46689126042,4162.518808988548
179.0,43355.55689769449,47214.9208970625,71376.87211905749,3984.666806679782
180.0,43355.55689769449,47075.49238783488,73078.6117754085,4084.546301400688
181.0,43043.50268941359,46272.083182085924,72788.3933449435,3857.1758979541955
182.0,42696.02983173456,46064.39769212521,72788.3933449435,3880.052065910735
183.0,42696.02983173456,45989.12280054905,72795.17475863484,4038.9834301818332
184.0,42614.24160547374,45560.03908438878,69290.45328006377,3717.9347085773206
185.0,42614.24160547374,45505.805186950456,67234.11465708142,3632.6480742981
186.0,42570.60752246621,45521.69520731896,66466.4975707488,3727.3610562876524
187.0,42485.82513607947,45620.6778795345,66466.4975707488,3869.8033447185217
188.0,42378.736824277665,45617.428746701895,68217.26259727996,3930.867741361901
189.0,42019.66287377486,45482.86198513114,64606.995690996504,3833.1235241581585
190.0,42019.66287377486,45228.95373226768,63965.26595960745,3771.625485970386
191.0,41838.68169254987,44490.03709947165,67544.71016000566,3543.5656534253367
192.0,41417.68609341015,44584.09435825253,67544.71016000566,3677.2118451533365
193.0,41417.68609341015,44616.74450204801,67544.71016000566,3983.290790429714
194.0,41405.66998206758,44001.05571554982,67544.71016000566,3848.1424294153385
195.0,41057.42528763379,43877.291177351995,65889.43195557539,3523.7909416847087
196.0,40792.428592768185,44065.35059517284,65889.43195557539,3841.5782252027484
197.0,40792.428592768185,43933.08921999161,65889.43195557539,3839.827966337835
198.0,40651.07012808998,43524.48972793403,66904.14655708072,3834.4553396005076
199.0,40651.07012808998,43561.00518294051,65889.43195557539,3855.607589312452
200.0,40376.36263340791,43457.2994863641,65981.08843449927,3803.149104580306
201.0,40003.50192742503,43484.053768342965,67460.22718817634,3936.9604517072194
202.0,39501.776275051445,43227.53345163396,61776.41894449849,3955.9878362898016
203.0,39336.494480207606,42922.03380228808,65507.07812704761,4007.786624966798
204.0,39336.494480207606,42935.1334924355,66248.38288509965,4222.3361894363015
205.0,39289.2703871316,42409.018965367984,65859.14003360593,3930.5387459782874
206.0,39251.24679149954,42151.67475233496,65859.14003360593,3805.958058084092
207.0,39176.5172910511,42210.900148461165,71217.82780043945,3841.6010368420325
208.0,39016.215847765416,42389.70687016285,71217.82780043945,4101.443309705707
209.0,38941.486347316975,42281.95610648187,60173.69585256723,4089.798081436536
210.0,38941.486347316975,42106.104182514144,62272.7888477191,4095.1292461260855
211.0,38667.546700117244,41911.93930659788,65053.512600127375,4155.456874480233
212.0,38667.546700117244,41750.36217078531,65053.512600127375,4233.176574282622
213.0,38315.19521749385,41276.91833514252,65053.512600127375,4092.4691578194233
214.0,38261.77155508606,41280.682953426556,65357.20433987849,4128.648598516029
215.0,38138.77003510096,41269.677912780004,66109.14998573167,4172.849202717904
216.0,37893.52336871439,41230.52988743974,65352.81491468683,4282.1675508083
217.0,37893.52336871439,41135.88225214189,65352.81491468683,4281.44801825572
218.0,37630.19975301589,40695.08439358677,63219.01646102119,4028.275944311399
219.0,37596.95470435211,40518.39939550878,63219.01646102119,3951.4372418968123
220.0,37591.619612341514,40577.29394444484,66576.69647237171,4216.032026887866
221.0,37512.633385200534,40415.51403895002,66654.4147682928,3969.924613535044
222.0,37209.86853340701,40464.82949592964,66654.4147682928,4017.9108152244266
223.0,37104.07548242361,40325.562700261944,71183.45984242772,4144.439926319278
224.0,37013.861552209455,40221.549580251885,71183.45984242772,4024.8299560962982
225.0,36908.06850122605,40011.58652443,66654.4147682928,4017.8784956593586
226.0,36352.16973236211,39832.44815098682,66654.4147682928,3959.0249868986784
227.0,36352.16973236211,39749.905925225205,66654.4147682928,4014.8608883313345
228.0,36352.16973236211,39236.543439199246,65418.17724569256,4009.1329925481245
229.0,36083.308825531945,38772.45800714318,60795.25177887363,3594.6283045562236
230.0,35888.01696262024,38937.06511396211,60273.39463345165,3963.7570385216213
231.0,35888.01696262024,38734.38790471318,60273.39463345165,3844.0986123974335
232.0,35792.46806507396,38348.223642435034,63527.458177255416,3696.07461302296
233.0,35778.77459802704,38511.65466089812,63527.458177255416,3724.638915619405
234.0,35692.009981422685,38782.23388228367,59581.78043945732,3910.7681825697773
235.0,35641.18682045925,38671.36828205279,64461.079562707564,3979.300591204496
236.0,35540.72873680797,38429.975756044536,64461.079562707564,3815.141097366841
237.0,35540.72873680797,38435.444871848034,59581.78043945732,3900.3662807584424
238.0,35540.72873680797,38315.30802898235,61600.77666335086,3938.97170859549
239.0,35488.788100436046,38155.627184682795,61600.77666335086,3846.5675186429125
240.0,35488.788100436046,38123.29103359069,61600.77666335086,3724.3751596336483
241.0,35413.89454668908,38131.94399185364,64421.474286562196,3556.6911827244153
242.0,35379.50314851803,38330.42645970742,58350.40426021854,3545.7161266630364
243.0,35268.2330385367,38600.03048621027,54937.008622092515,3726.1648000123646
244.0,35252.10541040101,38515.64338494675,58488.22477504762,3745.2836619456
245.0,35252.10541040101,38328.130841372986,58488.22477504762,3867.272245269748
246.0,35058.27635998092,37849.18921693225,61352.9086057909,3637.604168385845
247.0,35009.70672821433,37945.251929179336,62851.1301975729,3820.4250123644824
248.0,34993.57910007864,37848.43571063929,62851.1301975729,3764.012367125622
249.0,34731.66593104126,37834.746992042485,62851.1301975729,3888.6652776874816
250.0,34731.66593104126,37647.84376064072,59449.32165053805,3853.381814290216
251.0,34636.70379866636,37222.369795378356,59449.32165053805,3595.812627973884
252.0,34572.15247688233,37332.26202325603,59148.257204377915,3662.770834855103
253.0,34572.15247688233,37445.699190138075,55725.24720070125,3740.326718908528
254.0,34393.730111274665,37347.96742210538,56548.388678637486,3575.316222971728
255.0,34393.730111274665,37594.04040408056,56548.388678637486,3896.5148582449892
256.0,34393.730111274665,37405.92755710348,56548.388678637486,3947.2274343579347
257.0,34384.84756687443,36943.883642941335,59451.334714584154,3771.0983815039567
258.0,34287.93706029126,36710.03848228006,62037.14556551774,3665.548943316921
259.0,34249.97823035152,36836.061039699365,61886.96780046165,3727.612793208634
260.0,34144.18517936811,36907.55240103005,58315.57716421929,3733.4994548840796
261.0,33903.85589968438,37054.1917345637,65039.3365411011,3956.528917907361
262.0,33903.85589968437,37017.36414302114,60243.59469315793,3963.4310644794787
263.0,33876.47350886392,36729.0742612475,60243.59469315793,3855.7262857618484
264.0,33876.47350886392,36800.475464079915,62501.099465880296,4014.6491611172783
265.0,33827.92237348027,36607.09764692899,62894.33138804837,3957.235036065866
266.0,33827.92237348027,36687.988771396755,62894.33138804837,4129.464906321004
267.0,33800.539982659815,36486.1673027011,62894.33138804837,3925.317387289525
268.0,33800.539982659815,36420.19981903657,63906.66250585664,3916.967357057874
269.0,33756.4878209195,36313.98303075192,59148.70191890215,3678.795831632203
270.0,33729.10543009904,36286.7124283263,56248.881357240636,3550.660953969447
271.0,33692.13786691007,36135.6129619381,54319.64354504694,3315.859267882837
272.0,33620.703314349295,36283.33622675312,57034.153187883414,3541.3275250960114
273.0,33529.716529361045,36239.61490633145,57334.20100264469,3463.297263994898
274.0,33322.497470230075,36147.32928374165,61710.74676028798,3418.27358403062
275.0,33322.497470230075,36267.33876464092,61710.74676028798,3566.3105388524646
276.0,33322.497470230075,35948.46663580939,57017.76404377571,3528.7570662476874
277.0,33254.348441678594,35800.097835932174,60949.14633214535,3668.3731159480863
278.0,33254.348441678594,35900.132685136916,57971.8191912515,3650.175226073664
279.0,33254.348441678594,35862.48187425422,57683.45244826712,3559.579929252804
280.0,33254.348441678594,35788.71280924972,55509.311289561425,3563.410477396355
281.0,33218.83245376033,35482.23203700983,52885.0050557984,3450.809889294659
282.0,33218.83245376033,35486.48240627764,52685.39997475803,3384.542697405341
283.0,33198.642375547875,35456.98862353638,53568.27524181661,3272.838153212886
284.0,32911.32070181228,35608.72846151568,53568.27524181661,3325.9585872839875
285.0,32911.32070181228,35695.80310400091,52766.49961947101,3401.6038489973466
286.0,32770.60764725927,35424.078602364345,52860.19087323641,3382.098250885133
287.0,32637.719482960187,35425.87451912614,53902.47771072347,3451.882807566044
288.0,32537.24704195628,35459.121940497345,54578.21842942763,3564.454662986952
289.0,32537.24704195628,35442.288302435205,55364.324623920926,3735.216403607171
290.0,32497.706868227233,35313.44976529625,56152.16059601361,3814.7395273955212
291.0,32497.706868227233,35278.16482443971,59571.93726555446,3787.0770219183405
292.0,32497.706868227233,35218.21741511717,59571.93726555446,3860.7998949672497
293.0,32196.311762676236,35107.08312942093,63206.95377818312,3754.755279012166
294.0,32196.311762676236,34981.07140884114,67808.2076858783,3684.805013653826
295.0,32196.311762676236,34597.54385120044,67808.2076858783,3581.4049866593423
296.0,32159.552212986142,34296.568135697904,56194.346610572095,3351.035589261266
297.0,32159.552212986142,34565.0478845547,58370.06010453096,3562.946123462797
298.0,32159.552212986142,34498.29917735421,58324.90992385603,3402.7677223824526
299.0,31833.3928524532,34255.9809637964,55146.166542653715,3068.524394700633
300.0,31833.3928524532,34518.358265331575,51003.0805932607,3352.3169636043726
301.0,31833.3928524532,34297.63253887397,52424.27384976053,3432.2717426520235
302.0,31833.3928524532,34020.74510200686,51508.82720433036,3171.918072772059
303.0,31833.3928524532,33650.828818287984,53778.27804992863,3168.1617480178143
304.0,31833.3928524532,33163.34201302447,50751.35251810968,2591.3434271398733
305.0,31833.3928524532,32846.072936978504,50751.35251810968,2054.450398036019
306.0,31762.00278814808,32755.038967971956,50751.35251810968,1948.640033051605
307.0,31723.65437469882,33277.1259649746,50751.35251810968,2434.9867400761873
308.0,31723.65437469882,34004.016892661544,50751.35251810968,2885.8428553591143
309.0,31723.65437469882,34300.786366847286,50751.35251810968,3240.8234457036756
310.0,31723.65437469882,34075.372115476064,51832.40579116931,3211.8125393647633
311.0,31646.900414701548,33844.434986158274,53998.08779309222,3119.934944693786
312.0,31646.900414701548,33905.245300682735,55567.09719143315,3175.2288113486456
313.0,31646.900414701548,33953.13649851579,57489.09522936417,3390.1769876174108
314.0,31606.826672779567,34170.81800878571,57489.09522936417,3571.262528583283
315.0,31606.826672779567,34200.291755275255,51780.58488508465,3502.1481270506206
316.0,31606.826672779567,34140.45650215313,54112.70458994709,3603.427497414265
317.0,31413.00259312512,34004.859012278706,52094.39392603971,3509.714403976961
318.0,31413.002593125115,34028.2154645206,53402.25082693911,3589.354804380849
319.0,31413.002593125115,33883.70490778739,60047.829470221055,3630.256278734576
320.0,31413.002593125115,33624.88181594308,57135.10596180773,3348.2832123120243
321.0,31393.6982634119,33266.323346443525,55135.32022804963,3040.941785276081
322.0,31393.6982634119,33473.01806154599,52590.04651343886,3082.875612960671
323.0,31393.6982634119,33402.01415324313,54742.77526968414,3116.3861979523667
324.0,31327.767738456227,33567.798117142425,51775.18259966132,3155.110708934489
325.0,31308.46340874301,33766.67526196682,55655.08363675692,3392.8417817918016
326.0,31159.811101713658,33754.250441316704,55616.351329702855,3349.0212636243837
327.0,31140.50677200044,33785.11359722359,55616.351329702855,3448.0377481326896
328.0,30965.937942996552,33693.884454660554,55616.351329702855,3453.229781023328
329.0,30851.29527559307,33668.190198687334,55616.351329702855,3546.3719909546026
330.0,30851.29527559307,33776.02222792288,60546.65415124317,3710.6215551372725
331.0,30719.940077269897,33689.13576171965,60546.65415124317,3723.2118056333293
332.0,30705.063598122757,33820.92701316751,58166.64343599074,3915.231747809902
333.0,30573.70839979959,33785.324878783606,59841.93452210275,4050.0285973104055
334.0,30573.70839979959,33423.25207909624,61254.75783386383,3780.607321511957
335.0,30573.70839979959,33473.199326058406,61254.75783386383,3844.257854990969
336.0,30573.70839979959,33315.86660912342,56534.4963693709,3740.5009267417877
337.0,30573.70839979959,32947.19141231514,53202.97513749621,3497.6151736513734
338.0,30480.967105991982,32578.147243571355,54455.24322597449,3409.0826160073498
339.0,30408.380481901677,32753.69255218337,54455.24322597449,3453.8830843221526
340.0,30315.63918809407,32991.4113472511,55484.49426795324,3536.185909871659
341.0,30244.249123788948,33050.12081917063,55484.49426795324,3650.4001622226256
342.0,30244.249123788948,33032.621015051365,55484.49426795324,3699.7950845338505
343.0,30244.249123788948,33134.52320581456,55484.49426795324,3817.9616441407466
344.0,30244.249123788948,32934.9661630729,51371.304291772765,3795.889408220189
345.0,30244.249123788948,32876.09274487518,53943.855876941976,3802.704237034522
346.0,30224.94479407573,32454.5556968923,54724.32138700845,3504.5347221827005
347.0,30224.94479407573,32407.124724236106,51502.96206481013,3381.2514518869393
348.0,30224.94479407573,32113.48781391109,51502.96206481013,3035.046308836499
349.0,30224.94479407573,32290.948913963326,51502.96206481013,3246.650226679576
350.0,30224.94479407573,32368.204989614947,50107.45813732008,3141.8701668538065
351.0,30224.94479407573,32513.249594014815,53551.16765470363,3305.772922138253
352.0,30224.94479407573,32523.063787534316,59103.10148447791,3154.0235443961806
353.0,30207.129846170254,32444.138030643273,59103.10148447791,3138.4420163712425
354.0,30187.825516457036,32207.34853894187,49922.86064304678,3068.3568968206805
355.0,30187.825516457036,32325.382251527117,47318.38842015875,3086.037048938941
356.0,30187.825516457036,32394.999327703605,52675.099248607126,3128.041442927767
357.0,30187.825516457036,32396.69521863463,56768.60492500374,3271.7852945751038
358.0,30124.423169322086,32214.33584148703,47671.26645621401,3144.359552104576
359.0,30124.423169322086,32384.77761644156,47378.61570397499,3255.602982874643
360.0,30124.423169322086,32562.30314849395,51125.80519032883,3480.2988871724306
361.0,30124.423169322086,32299.19056123185,52387.460752410065,3291.679681034742
362.0,30124.423169322086,32072.270219016395,51813.67767023086,3044.1001308431764
363.0,30124.423169322086,31724.91441301977,52576.44530497622,2829.1656396792073
364.0,30124.423169322086,31417.239980818966,50141.53880834063,2458.513332613382
365.0,30124.423169322086,31149.291757472998,49814.34573931426,2076.8345875251575
366.0,30124.423169322086,31004.30870657463,49814.34573931426,1877.5407838104115
367.0,30124.423169322086,30995.10705322351,42498.39899145118,1800.8829100493915
368.0,30080.64279964922,30944.861131518668,43081.91716215762,1804.001537524714
369.0,30080.64279964922,31392.80227792064,41691.25591473881,2171.7004553893225
370.0,29985.68066727432,31781.743701923533,44234.28739549561,2528.750697946753
371.0,29985.68066727432,32009.096907063147,46476.34851664197,2753.803512055637
372.0,29985.68066727432,32077.48149196155,47403.408469898284,2938.141477427934
373.0,29985.68066727432,31973.697435115348,45467.33580021577,2909.6625939930495
374.0,29985.68066727432,31717.3593719725,48844.901070830594,2770.5401481973904
375.0,29985.68066727432,31441.895288288524,48844.901070830594,2650.4974576217305
376.0,29985.68066727432,31190.967152232985,43598.33049038889,2192.728480985513
377.0,29964.18613114043,31006.695174319317,42860.345878025335,2039.2125563056247
378.0,29964.18613114043,31324.82618831216,46072.05036174732,2326.3573112603603
379.0,29964.18613114043,31456.088354841515,47920.7561198325,2438.411029624287
380.0,29964.18613114043,31547.339586257254,48780.93010509484,2552.6857670204536
381.0,29964.18613114043,31446.192235125447,51063.50235657775,2532.6719101030935
382.0,29964.18613114043,31612.928499172718,44812.252838629465,2598.1707009911233
383.0,29964.18613114043,31726.378853845235,46828.160657423636,2618.7629818999308
384.0,29964.18613114043,31870.52633172862,49944.73161775834,2877.4141284069524
385.0,29964.18613114043,31856.693168496677,49944.73161775834,2907.6169382686476
386.0,29964.18613114043,31798.044748175416,53895.959114467856,2915.801070243207
387.0,29964.18613114043,31523.92405382832,53895.959114467856,2596.5733034059863
388.0,29964.18613114043,31316.908949177425,44455.984114633735,2347.196256200504
389.0,29964.18613114043,31119.258367646253,43743.06896498358,2102.3244080382665
390.0,29924.911770205763,30919.626244829346,43287.98076953737,1922.0207198824758
391.0,29924.911770205763,31313.470449771445,49480.79208919039,2285.353956123239
392.0,29924.911770205763,31480.788906629467,49480.79208919039,2565.778735845142
393.0,29924.911770205763,31773.15082360618,49480.79208919039,2842.527099246806
394.0,29923.25430583912,31804.377740386397,48933.97697872072,2985.0838641281216
395.0,29923.25430583912,31989.62438266076,50603.77649016564,3183.551019499451
396.0,29923.25430583912,32061.959569180875,50603.77649016564,3271.882793875267
397.0,29900.49441968306,31752.049857285663,47797.94965863362,2894.9124614860493
398.0,29900.49441968306,31979.35112581163,47797.94965863362,3071.0697351070808
399.0,29898.836955316416,32060.878336564463,50963.83389553122,3140.5740433614446
400.0,29898.836955316416,31961.69403191331,52945.12803676307,3154.197908918673
401.0,29898.836955316416,31895.46950760756,52945.12803676307,3110.3755994498856
402.0,29898.836955316416,31994.602706353224,52945.12803676307,3097.6925445848265
403.0,29898.836955316416,32140.56689187482,52945.12803676307,3199.0426745021296
404.0,29898.836955316416,32238.899743724884,52945.12803676307,3473.3828744589805
405.0,29898.836955316416,31950.04786383603,54005.76097271452,3354.423808167434
406.0,29898.836955316416,31697.63353051395,57097.66597243154,3115.657282797427
407.0,29850.593485109977,31401.657084467228,51316.99381907696,2703.9219104621175
408.0,29850.593485109977,31711.12684703383,52074.034031133415,2860.4878009096024
409.0,29850.593485109977,31865.201433372265,47796.06573325866,2869.0316354975757
410.0,29850.593485109977,32216.52715084918,51882.44049399702,3193.934941500821
411.0,29848.596662214477,31959.13755735705,54109.65096203946,3163.894004513267
412.0,29848.596662214477,31912.360937857917,46968.27286411875,3085.641430864719
413.0,29848.596662214477,31805.18019738848,49469.57861592251,3093.0592827175565
414.0,29848.596662214477,31554.495052995673,49469.57861592251,2806.4973531930104
415.0,29848.596662214477,31455.583565397574,47378.17174812448,2673.9567001143755
416.0,29848.596662214477,31274.922286488974,47378.17174812448,2602.4798671307467
417.0,29848.596662214477,31172.541830302293,47378.17174812448,2424.6784748680398
418.0,29848.596662214477,31076.20892033336,46676.03714712952,2251.7585759686394
419.0,29848.596662214477,30923.931624538942,47397.035020702795,2133.6053407357413
420.0,29848.596662214477,30853.734038256654,52757.24357758366,2012.5881522605894
421.0,29837.079513858796,30946.828343338708,43658.83984619772,2024.854494626304
422.0,29837.079513858796,31344.51859556669,45108.56927153701,2378.1488595580795
423.0,29837.079513858796,31563.932582501766,42914.219929140614,2572.6269164718688
424.0,29837.079513858796,31841.775738054203,45006.11223443432,2723.6425533618803
425.0,29837.079513858796,31956.591713061764,44096.79026315198,2803.039609842169
426.0,29753.136413618733,32198.865764619295,46712.55462117023,3046.9595346866035
427.0,29719.68583869498,32266.450185223763,47467.1427951403,3148.6379926723366
428.0,29719.68583869498,32374.741445888674,51925.918575245625,3315.0467740024105
429.0,29719.68583869498,32210.567798782333,51925.918575245625,3275.0158043764027
430.0,29719.68583869498,32175.4469623436,47107.64094492955,3412.012474116873
431.0,29252.813952773122,32301.245678104933,49199.94202435526,3601.176736169996
432.0,29252.813952773122,32365.670952302382,49911.04504486268,3776.6305512139156
433.0,29252.813952773122,31950.68498184407,49911.04504486268,3614.0746761129617
434.0,29252.813952773122,31513.31350974444,49911.04504486268,3397.156782533852
435.0,29252.813952773122,30929.639471774728,49196.29731936003,2830.0599983674233
436.0,29252.813952773122,30495.52224209679,48161.621213192404,2378.9116759023987
437.0,29252.813952773122,30243.37156849692,49999.1728840417,2148.667739183285
438.0,29252.813952773122,30163.83727689879,45986.0062777118,2001.8631286317043
439.0,29219.363377849368,30137.429464014564,45986.0062777118,1876.69099763814
440.0,29219.363377849368,30638.761825666024,45986.0062777118,2305.985891970521
441.0,29187.203554548527,30958.933117893164,45986.0062777118,2601.072076078463
442.0,29153.752979624773,31173.328944892768,45129.48667778276,2722.2113500093387
443.0,29118.063937312814,31417.98628897255,45788.47118760497,2993.2444898056583
444.0,29118.063937312814,31434.68503087287,46685.395559705146,3154.760769064042
445.0,29118.063937312814,31439.425755278706,50587.19690117306,3164.6692190805693
446.0,29116.06711441732,31391.74422781591,48639.4382467935,3225.4750585334696
447.0,29116.06711441732,31293.08948697771,48198.80246228561,3117.6357960488817
448.0,29116.06711441732,31113.36465947044,54181.0057575421,2970.7316514061326
449.0,29116.06711441732,30894.342947658613,54181.0057575421,2920.361434948729
450.0,29116.06711441732,30672.718361897983,54181.0057575421,2737.748729015551
451.0,29116.06711441732,30346.051996895483,43895.55946149241,2386.4599008117884
452.0,29116.06711441732,30366.77469331982,43395.542783453835,2296.669541333563
453.0,29017.442137884223,30361.03778849198,46642.250376355674,2301.0571807781325
454.0,29017.442137884223,30661.444443748325,46642.250376355674,2444.9301521844654
455.0,29017.442137884223,30835.354088253687,48284.38203943059,2561.2337199058334
456.0,29017.442137884223,30903.350140749833,48003.5948613916,2732.599215581752
457.0,29017.442137884223,30932.78135856092,48003.5948613916,2816.0224545086053
458.0,29017.442137884223,30696.00190548173,46584.083591402756,2685.7394177385013
459.0,29015.44531498873,30358.920425049633,45551.83887494473,2444.0218957082197
460.0,29015.44531498873,30281.103445819568,43563.27702353225,2321.3347241120327
461.0,29015.44531498873,30154.71028171016,46432.046002260206,2142.3384079562566
462.0,29015.44531498873,30138.259144116986,46432.046002260206,2096.1494622054206
463.0,29015.44531498873,30038.996535502167,46432.046002260206,2047.7165103654308
464.0,29015.44531498873,30038.515714671037,47577.118295619206,2066.1591701695756
465.0,29015.44531498873,30059.699255086387,43969.34038400346,2023.1730917428333
466.0,29015.44531498873,30074.50920132787,41388.53430195799,1984.4506935675322
467.0,29015.44531498873,30158.575112667775,42492.403388443636,2086.9591428683743
468.0,29015.44531498873,30143.95145694385,43211.26245543334,2087.403024205476
469.0,29015.44531498873,30126.45601368009,41896.87008747304,2068.2075713959425
470.0,29015.44531498873,30116.56182708995,44644.82380266113,2130.588280743375
471.0,29015.44531498873,29987.147247926405,42861.21579696878,1905.4984233497044
472.0,29015.44531498873,30034.493139492657,42524.5821305242,1971.0138263835756
473.0,29015.44531498873,30018.023719446926,42524.5821305242,2047.9177065591634
474.0,29015.44531498873,30081.03995131602,45857.1552618815,2057.650185058804
475.0,29015.44531498873,30012.995390359585,41003.37183931755,1974.0914893826275
476.0,29015.44531498873,30094.89403145664,40646.181945161516,2027.1336577376228
477.0,29015.44531498873,30106.269209068636,44147.01787878231,2029.8421700958822
478.0,29002.120960630524,30136.170566892742,40409.01521206188,2038.4619140484374
479.0,28956.07827645419,30413.47746265626,40104.72581919159,2303.6768362951025
480.0,28956.07827645419,30701.888961163506,45251.36218463536,2530.887032533376
481.0,28956.07827645419,30995.17938911624,44150.109359355076,2785.354190747168
482.0,28940.75709920049,30916.741850077357,44894.997143250715,2907.145915477555
483.0,28940.75709920049,31103.28119082839,45554.871182528426,3112.796258734506
484.0,28940.75709920049,30976.898971803417,51653.387207842214,3149.3470728044895
485.0,28940.75709920049,31076.389042849536,47772.27748239347,3126.080551049124
486.0,28940.75709920049,31205.964386951167,47125.27359248811,3311.8977601445604
487.0,28940.75709920049,31157.565281774463,47928.940362064764,3299.172371408019
488.0,28940.75709920049,31233.459069339122,46300.97074568638,3344.098147482007
489.0,28940.75709920049,31123.580573947907,48178.5630222606,3323.6096288057615
490.0,28940.75709920049,31042.2174881268,47454.511798120715,3210.3425712857643
491.0,28940.75709920049,30849.04673909902,47454.511798120715,3091.8525710222625
492.0,28901.216925471446,30585.46574966782,46848.727348460314,2825.143144517296
493.0,28901.216925471446,30777.96634892782,46555.93255252017,2935.9352572423477
494.0,28901.216925471446,30835.290257946148,46911.68070609733,2886.164652900566
495.0,28901.216925471446,30941.6108947703,47381.869823578454,2886.9726417397105
496.0,28901.216925471446,30915.7346828632,50676.986047892555,3020.2606661734185
497.0,28901.216925471446,31017.963645372496,48942.36888279913,3085.996237345715
498.0,28901.216925471446,30958.78506724895,48942.36888279913,3068.327786298844
499.0,28899.22010257595,30751.699838359094,48942.36888279913,2956.2491207460816
500.0,28899.22010257595,30469.5640669225,48942.36888279913,2898.694603020992
501.0,28899.22010257595,30312.030192938964,47813.21982889787,2684.1334171796066
502.0,28889.882099649632,30073.488425353138,46087.90115363856,2289.5410471811388
503.0,28889.882099649632,30390.31186157386,51919.585247131676,2552.8635199355017
504.0,28889.882099649632,30553.701051255102,49215.91875557409,2808.237636896687
505.0,28889.882099649632,30527.002400830745,46087.90115363856,2650.6333812709295
506.0,28889.882099649632,30679.36652915293,48376.840315166475,2779.439868332408
507.0,28889.882099649632,30576.67122191401,47640.24208375112,2714.277733963344
508.0,28889.882099649632,30813.08541589571,47640.24208375112,2869.355701716305
509.0,28889.882099649632,30870.154840272,47640.24208375112,2936.4916425687657
510.0,28889.882099649632,30799.11639575598,52730.31459783933,2871.532800183266
511.0,28889.882099649632,30777.659152823384,52730.31459783933,2987.646711133655
512.0,28889.882099649632,30487.15516730989,52730.31459783933,2834.152782697068
513.0,28889.882099649632,30369.709581114937,51386.19080301524,2551.979618742166
514.0,28889.882099649632,30260.539301318735,53982.50483262578,2548.2792326864815
515.0,28889.882099649632,30131.28039445701,53982.50483262578,2425.533171513656
516.0,28889.882099649632,29969.47893420928,53982.50483262578,2241.716058003556
517.0,28889.882099649632,29905.907403390756,45503.51489708181,1935.8295653388598
518.0,28889.882099649632,29991.824259938498,45503.51489708181,2129.031680393837
519.0,28889.882099649632,29811.22580422225,40580.08402393763,1928.1624232466584
520.0,28889.882099649632,29804.405838998882,40389.36881575006,1846.183181727879
521.0,28889.882099649632,29785.3687467865,40389.36881575006,1838.2332190299182
522.0,28889.882099649632,29674.48452248184,42590.792210823274,1735.3572294770545
523.0,28889.882099649632,29612.33260653526,39298.46721476414,1619.2694134311034
524.0,28889.882099649632,29637.07106333764,40127.89737638616,1701.4265748893556
525.0,28889.882099649632,29735.50627915204,40093.27654938134,1724.3315592161543
526.0,28889.882099649632,29754.202278554083,40093.27654938134,1784.9644095679153
527.0,28889.88209964963,29709.03785887683,42468.57599166219,1761.8138119613923
528.0,28889.88209964963,29722.511678364703,39804.29824815808,1689.4800683943595
529.0,28889.88209964963,29816.534724444584,40932.54791912726,1816.0383895214247
530.0,28889.88209964963,29788.49960293225,38452.15780916666,1801.744980898931
531.0,28889.88209964963,29797.02792639389,40595.47642663641,1850.7362752440883
532.0,28889.88209964963,29769.51567609425,44625.33352970232,1821.1739225166455
533.0,28889.88209964963,29752.332197566335,40544.06631790659,1821.3176982200773
534.0,28889.88209964963,29685.064284887754,40621.92929312536,1674.075299247031
535.0,28889.88209964963,29703.426665898587,43068.65997535501,1749.1624796911826
536.0,28889.88209964963,29714.555254204064,40643.97382731651,1717.1244723443915
537.0,28889.88209964963,29705.09375736883,41024.59795802386,1773.727857242263
538.0,28889.88209964963,29779.597249908064,42217.8723390107,1863.2060369410772
539.0,28887.885276754136,29692.44426172214,40500.1642037008,1739.3486305569345
540.0,28887.885276754136,29799.27625632407,39771.154310102575,1850.5161143624146
541.0,28887.885276754136,29909.132910418204,42409.54086771294,1971.935624452441
542.0,28887.885276754136,29818.354807531392,42409.54086771294,1887.856929069198
543.0,28887.885276754136,29808.18265413326,40253.339008329,1785.2174977312
544.0,28887.885276754136,29985.322098072716,41852.7695523859,2070.99984918159
545.0,28887.885276754136,29917.103818983924,43966.178102770566,2025.5107793738352
546.0,28887.885276754136,29950.046007553236,45929.18187633058,2111.7713278807996
547.0,28887.885276754136,29862.48673452022,41852.7695523859,1974.7774098078905
548.0,28887.885276754136,29930.421420337807,41852.7695523859,1971.7468007095235
549.0,28887.885276754136,29913.945750203606,42673.989006014104,2050.21341187111
550.0,28887.885276754136,29977.62517387741,42758.376813015144,2094.2268015725067
551.0,28887.885276754136,29898.752094671683,40189.80195510521,1963.62393427607
552.0,28887.885276754136,29999.665269085486,45880.82632786854,2020.0161265921793
553.0,28887.885276754136,29946.921381796445,40444.99345486215,2010.1038304294207
554.0,28887.885276754136,29914.831098234772,42540.110633381584,2000.4198444230526
555.0,28887.885276754136,29904.03430764123,43396.223185595154,1997.819876879009
556.0,28887.885276754136,29962.795757753418,40262.348523420675,2003.431175125158
557.0,28887.885276754136,29918.138943211616,41768.58073697009,1961.9406133510581
558.0,28887.885276754136,29996.57794062616,41348.6662049028,1990.1145992030536
559.0,28887.885276754136,30039.518775893615,48852.40770697874,2130.554913339622
560.0,28887.885276754136,30036.51827995138,48852.40770697874,2184.365665824117
561.0,28887.885276754136,30025.28264148808,48852.40770697874,2143.5710731520167
562.0,28887.885276754136,29979.182462094355,48852.40770697874,2219.874034184603
563.0,28887.885276754136,29954.96204163368,41155.27427394537,2068.39506320584
564.0,28887.885276754136,29957.109982663627,44589.16517818345,2007.4362477719444
565.0,28887.885276754136,29935.943205565796,44589.16517818345,2024.2237673882673
566.0,28887.885276754136,29956.091322848846,41408.390707968734,2100.599386156028
567.0,28887.885276754136,29967.261844340934,41841.055856901505,2078.7085526092465
568.0,28887.885276754136,30011.488216910446,42662.03813558328,2136.2158333180946
569.0,28887.885276754136,30097.406055344374,44065.39660446286,2256.904003770825
570.0,28887.885276754136,30095.26039651002,44065.39660446286,2277.200065166199
571.0,28887.885276754136,30060.973981889427,46250.86146758854,2217.9881269909565
572.0,28887.885276754136,30002.63433252109,46250.86146758854,2130.088940662055
573.0,28887.885276754136,29910.531557757597,41652.405310648646,1995.9366374416334
574.0,28887.885276754136,29981.872941127946,40104.34488755249,2029.5673658008604
575.0,28887.885276754136,29969.588729262487,42891.465041302945,2057.8547555154832
576.0,28887.885276754136,29992.659085820786,43160.423799709955,2083.624719022686
577.0,28887.885276754136,29992.35228174073,43160.423799709955,2136.907661449674
578.0,28887.885276754136,29972.061129575723,42946.03046248191,2133.8480193146997
579.0,28887.885276754136,30005.562244640107,45086.430626143134,2126.949289459635
580.0,28887.885276754136,29966.98335480693,41015.43884240695,2047.2082172043094
581.0,28887.885276754136,29897.340294774825,42089.78633191754,1992.9160277151398
582.0,28887.885276754136,29987.969190509186,42579.246537593164,2106.404414077059
583.0,28887.885276754136,30027.282837908013,43672.17215921122,2159.7544479888847
584.0,28861.882054836027,29973.319019837105,41711.46994368,2051.269352178983
585.0,28861.882054836027,30399.960019276867,43617.893068966005,2477.6202438533405
586.0,28706.681261888254,30609.140425347945,44055.47250451129,2596.029888830936
587.0,28706.681261888254,30756.476167088935,45650.15155669871,2795.5702118423583
588.0,28706.68126188825,30606.021406796535,44737.793725905554,2793.198444779088
589.0,28706.68126188825,30433.7536405736,48323.4664313351,2771.465686643915
590.0,28706.68126188825,30284.41158866726,49868.707130188275,2709.1411761444538
591.0,28706.68126188825,30093.24094704121,49868.707130188275,2538.42014831368
592.0,28706.68126188825,29908.573454362195,46039.04021661014,2345.986085821816
593.0,28706.68126188825,29738.020886951967,45067.53712355737,2157.864915690306
594.0,28706.68126188825,29617.252781161278,42838.91898044503,1995.696005616545
595.0,28706.68126188825,29636.510493295264,42792.2735703349,1942.3355258800598
596.0,28706.68126188825,29518.608439051568,40609.33394764202,1738.4283132770097
597.0,28706.68126188825,29460.95711779137,41015.393873905996,1725.4937345266103
598.0,28706.68126188825,29523.412834679264,46246.342878500494,1782.67356315444
599.0,28706.68126188825,29440.14433677276,38844.119914066214,1667.9502109351747
600.0,28706.68126188825,29513.054042745713,40635.739284275915,1730.0691921969628
601.0,28706.68126188825,29558.34841538047,41371.58390985239,1792.346261669053
602.0,28706.68126188825,29573.248776018238,43624.38323262164,1838.6923316072787
603.0,28706.68126188825,29600.195180820625,43624.38323262164,1828.7027738774004
604.0,28706.68126188825,29637.552984842634,40848.89105144948,1930.344671904398
605.0,28706.68126188825,29562.44703385243,42749.23845509471,1775.5421623623815
606.0,28706.68126188825,29622.741236700305,42749.23845509471,1878.2213908321205
607.0,28706.68126188825,29622.109148846124,43055.719091266976,1889.4570992212848
608.0,28706.68126188825,29566.52687934709,41092.17265851665,1835.4018079519756
609.0,28706.68126188825,29537.4983718779,41687.2705168704,1736.9463080919534
610.0,28706.68126188825,29579.32961387333,40883.04679908889,1816.8359041693004
611.0,28706.68126188825,29562.483974347873,41388.89197676364,1810.1837710200252
612.0,28706.681261888254,29607.856077067023,42192.44923892035,1819.1566773528962
613.0,28706.681261888254,29630.46186070171,41622.621173525455,1892.977434676157
614.0,28706.681261888254,29594.228701928318,41622.621173525455,1875.8240007269599
615.0,28706.681261888254,29578.607851698096,42027.09498574382,1834.202040156759
616.0,28706.681261888254,29682.198757348266,43103.39489009562,1949.682120539111
617.0,28706.681261888254,29548.933482960427,38932.05511959293,1793.1400280334412
618.0,28706.681261888254,29540.360249141326,38540.874601003605,1756.2109226770606
619.0,28706.681261888254,29517.871879124414,42391.344748157906,1767.6687467562779
620.0,28706.681261888254,29538.867501716108,42391.344748157906,1828.0224076001025
621.0,28704.684438992757,29619.07204722252,40859.86587118337,1887.3557125304344
622.0,28704.684438992757,29641.248038424572,40149.508193774025,1888.9952708712208
623.0,28704.684438992757,29739.680939217393,40719.80025085356,1958.4042406579476
624.0,28704.684438992757,29788.297710409945,42943.39013625594,2044.5560105501015
625.0,28704.684438992757,29816.419927839364,44068.42890522049,2067.178430415364
626.0,28704.684438992757,29790.890404660528,46201.860405504354,2088.6322566905687
627.0,28704.684438992757,29725.379472312507,43930.619036971,2004.557800926588
628.0,28704.684438992757,29724.49783147723,41766.98754744388,1992.0226416343537
629.0,28704.684438992757,29822.750405566483,40728.01213110899,2086.8710686631393
630.0,28704.684438992757,29774.796932801764,44290.13174908509,2094.84914065303
631.0,28704.684438992757,29800.323450114996,43047.28195136096,2106.445378249058
632.0,28704.684438992757,29736.06525542091,47893.43857084777,2038.3908872209395
633.0,28704.684438992757,29680.64311174079,43003.516209698646,1911.0095657533311
634.0,28704.684438992757,29807.77948827253,46749.72861405552,2091.5472876818253
635.0,28704.684438992757,29800.699518677626,40926.81702361202,2066.4533716728624
636.0,28704.684438992757,29724.642851976,42353.46684399492,1999.5597196333044
637.0,28704.684438992757,29684.478474722968,39224.58877704049,1920.191599183505
638.0,28704.684438992757,29748.468575737203,40340.468370711176,1944.1930985122508
639.0,28704.684438992757,29865.00581929252,42642.946002631565,2128.7113014060174
640.0,28704.684438992757,29900.098928554347,41952.37930229888,2172.516088584137
641.0,28704.684438992757,29779.806605656246,41425.33244496152,2078.687971258673
642.0,28704.684438992757,29760.161721890603,44797.401742756774,2073.193194919386
643.0,28704.684438992757,29744.488563055624,41968.06524695122,2068.038092606271
644.0,28704.684438992757,29713.22499137244,40891.80677540667,1994.5192301975462
645.0,28704.684438992757,29783.81510111839,42791.906166489316,2105.731913169561
646.0,28704.684438992757,29853.75255897143,45363.11890340193,2221.1819968474274
647.0,28704.684438992757,29751.72351336399,40609.83396449795,2013.9644423546358
648.0,28704.684438992757,29769.277827471764,42333.04989539981,2059.3174581936064
649.0,28704.684438992757,29784.54839882274,40670.823230518996,2065.8669659326156
650.0,28704.684438992757,29757.41151083855,40670.823230518996,2042.6124545775574
651.0,28704.684438992757,29628.49396280152,40714.16480778917,1919.732010393671
652.0,28704.684438992757,29701.68632366385,42884.00687284195,1947.574327856087
653.0,28704.684438992757,29702.66508416078,40120.0312241944,1959.7085905012189
654.0,28704.684438992757,29778.04581565602,42468.294515486145,2027.2234083160415
655.0,28704.684438992757,29752.31253531466,44139.936633919715,2001.7264334566087
656.0,28704.684438992757,29660.070466915244,44139.936633919715,1930.8024708214582
657.0,28704.684438992757,29728.353197496643,43607.98539889805,2022.9044315023496
658.0,28704.684438992757,29744.45347427193,42894.74668194284,1984.3926994957344
659.0,28704.684438992757,29812.156002237756,40669.00240118886,2049.949332784272
660.0,28704.684438992757,29797.11713047743,40947.26434660965,2122.090733355899
661.0,28704.684438992757,29880.872925835654,43364.76134244429,2228.408222210126
662.0,28704.684438992757,29930.949119566183,45686.56586262483,2340.242467123473
663.0,28704.684438992757,29854.378208786966,47676.74310808327,2241.671180914366
664.0,28704.684438992757,29812.63870130379,42362.602522198096,2095.6622118334085
665.0,28704.684438992757,29837.224817584043,47626.851761628,2153.5099819642787
666.0,28704.684438992757,29782.803479958104,44758.41461123723,2106.034758660148
667.0,28704.684438992757,29755.283486933262,43987.81375874842,2076.6617304487736
668.0,28704.684438992757,29830.990183747548,43537.48737639017,2188.788528156376
669.0,28704.684438992757,29870.399667021255,43144.188360941625,2163.4412654472308
670.0,28704.684438992757,29897.99603408739,44677.88062473663,2182.1980933373693
671.0,28704.684438992757,29966.07747788578,46155.813994052965,2334.137604936745
672.0,28704.684438992757,29863.63096715442,46155.813994052965,2222.228569272605
673.0,28704.684438992757,29846.680246708816,46155.813994052965,2199.1131172815017
674.0,28704.684438992757,29678.11292242525,44812.94693689344,1982.0975904867958
675.0,28704.684438992757,29720.271155769336,45056.73506054601,2036.1297558326964
676.0,28704.684438992757,29640.766601745014,42108.4356765181,1986.8775867981751
677.0,28704.684438992757,29729.4679481215,45485.807999953206,2110.6088377626584
678.0,28704.684438992757,29758.278933446403,45144.97648112096,2088.9421782770914
679.0,28704.684438992757,29685.8907072641,42108.4356765181,2023.2336819739803
680.0,28704.684438992757,29747.01200390087,42108.43567651811,2048.0782810385977
681.0,28704.684438992757,29811.78096554456,46478.14527438592,2077.6498135867623
682.0,28704.684438992757,29807.96267251759,46478.14527438592,2122.026857553284
683.0,28704.684438992757,29672.54084868639,42538.891455944904,1947.1963397479742
684.0,28704.684438992757,29738.760938475803,41980.72731085609,1995.4925417098752
685.0,28704.684438992757,29790.783357955585,42055.43285826183,2074.460263188012
686.0,28704.684438992757,29751.87503901717,43870.85688632065,2012.742058187522
687.0,28704.684438992757,29719.411935356966,39903.87829609625,1915.176256833661
688.0,28704.684438992757,29750.367767303436,40624.9784882097,1971.4112498793681
689.0,28704.684438992757,29930.03805791754,41316.41410702589,2231.0993656731066
690.0,28704.684438992757,29840.33934007019,43975.1714870795,2147.0754323540386
691.0,28704.684438992757,29845.75719493362,44689.40736343399,2125.631141191904
692.0,28704.684438992757,29902.217336625305,50806.84380621329,2245.795568915561
693.0,28704.684438992757,29785.94238286206,44689.40736343399,2024.343565494343
694.0,28704.684438992757,29781.681467087004,41188.61762881886,2030.9075850663933
695.0,28704.684438992757,29765.47947542435,42102.46741875906,2097.102150550746
696.0,28704.684438992757,29775.294363778652,42473.270653399406,2071.8862914830765
697.0,28704.684438992757,29753.565876832778,44413.38627602054,2099.2203505569228
698.0,28704.684438992757,29662.19778875358,41844.531735465964,1956.909673502466
699.0,28704.684438992757,29690.564142162384,41034.3593210323,2036.052803872884
700.0,28704.684438992757,29623.70449852637,41419.88647159833,1922.7320510274283
701.0,28704.684438992757,29657.817858828377,41685.68268535897,1945.2976666493223
702.0,28704.684438992757,29735.02240939142,42213.63785772813,2001.4100050266359
703.0,28704.684438992757,29716.655128433496,41257.01673701478,1942.1037542588983
704.0,28704.684438992757,29818.65116985849,42270.4354522345,2093.395476416134
705.0,28704.684438992757,29834.30224733574,42844.693112601075,2075.348194070977
706.0,28704.684438992757,29738.884632056262,40382.27254726617,1989.3869270918744
707.0,28704.684438992757,29736.55333106005,43205.2908354569,2005.3691994497221
708.0,28704.684438992757,29765.136381447177,41629.366544185206,1999.2570231636853
709.0,28704.684438992757,29744.010477286352,41629.366544185206,1994.7877815739762
710.0,28704.684438992757,29759.173469677116,42506.76109228973,2049.92803838737
711.0,28704.684438992757,29692.65238009715,43808.79920015471,1951.885187526511
712.0,28704.684438992757,29701.554198034773,43818.62093865768,1946.201037788294
713.0,28704.684438992757,29755.949054245066,40478.685329996166,1985.753746810658
714.0,28704.684438992757,29774.4677033369,41556.20575227153,2041.8922334478248
715.0,28704.684438992757,29753.010004767246,43254.0671392221,2067.871908636777
716.0,28704.684438992757,29766.66062388229,43254.0671392221,2052.7734853642924
717.0,28704.684438992757,29720.366744167346,41251.86771835408,1936.5599242359012
718.0,28704.684438992757,29761.323822832685,43606.7707837246,2065.328257991611
719.0,28704.684438992757,29775.72469007229,42785.60502828327,2106.565146963211
720.0,28704.684438992757,29820.231119822467,42785.60502828327,2070.7130575111532
721.0,28704.684438992757,29822.129303497368,41014.418108670376,2034.5873723706252
722.0,28704.684438992757,29839.72257304744,41404.97469728021,2088.049740861681
723.0,28704.684438992757,29762.37605548968,43088.12600631201,2020.090919320704
724.0,28704.684438992757,29735.487664411645,41422.47052858473,1936.5500154755714
725.0,28704.684438992757,29842.813460622772,41760.859413992475,2125.9832203053743
726.0,28704.684438992757,29774.759920452343,45504.230374720675,2071.839174164931
727.0,28704.684438992757,29656.588383273804,41793.611035662805,1932.023981930668
728.0,28704.684438992757,29741.537800430844,42955.13609094679,2004.3976971743894
729.0,28704.684438992757,29733.53817505631,43900.139075247134,2023.0796924592007
730.0,28704.684438992757,29718.428023210297,43900.139075247134,1987.8558301525004
731.0,28704.684438992757,29749.63266332783,46505.78440776373,2055.589388584195
732.0,28704.684438992757,29726.748712741126,40567.89686285671,1942.7106072714953
733.0,28704.684438992757,29861.48685179182,42282.16110995292,2151.1690840563947
734.0,28704.684438992757,29885.47281909037,42282.16110995292,2212.6543179011974
735.0,28704.684438992757,29955.946395652452,42282.16110995292,2259.897495298083
736.0,28704.684438992757,29893.448018463427,43072.70944884415,2219.241745316482
737.0,28704.684438992757,29912.65893417525,44864.17742803702,2223.783533960588
738.0,28704.684438992757,29852.77287031486,44864.17742803702,2150.5873381269907
739.0,28704.684438992757,29870.733546966185,41628.837423055214,2122.1696969142577
740.0,28704.684438992757,29876.096641608972,39822.728531236964,2106.248847152189
741.0,28704.684438992757,29949.307161470588,40962.8587250512,2245.7327602845166
742.0,28704.684438992757,29881.567421090152,40962.8587250512,2127.4145000918734
743.0,28704.684438992757,29796.271112500082,43278.22887244298,1999.3994092371993
744.0,28704.684438992757,29806.074836779015,42581.155073334194,2051.714147111563
745.0,28704.684438992757,29861.236912482735,42581.155073334194,2156.849449262697
746.0,28704.684438992757,29860.687005987034,45109.4638459328,2178.1626077911797
747.0,28704.684438992757,29628.142874999452,40161.74053035504,1880.2003141250807
748.0,28704.684438992757,29751.941616505625,42084.47753313999,1993.5098779932766
749.0,28704.684438992757,29825.26715322134,43070.67107088855,1999.844802407581
750.0,28704.684438992757,29834.104679369007,43070.67107088855,2091.5176943472425
751.0,28704.684438992757,29702.455121915486,42359.612920701664,2019.9816111174898
752.0,28704.684438992757,29749.565455474574,45794.75732168794,1995.4046244902197
753.0,28704.684438992757,29703.8711970524,41390.3951288133,1990.363164014033
754.0,28704.684438992757,29689.992108517796,40306.369682164484,1968.0299739913194
755.0,28704.684438992757,29698.502278024647,42706.81265261794,1988.4755478029797
756.0,28704.684438992757,29764.813176740146,41588.8206451815,2004.3210683345264
757.0,28704.684438992757,29745.801972446254,41279.79976329238,2003.3828183010573
758.0,28704.684438992757,29746.34144037466,43101.34917810529,2048.0751721944944
759.0,28704.684438992757,29759.674212714795,41146.96724491523,1990.3601720513777
760.0,28704.684438992757,29907.321137317995,40340.339744407196,2108.34518897061
761.0,28704.684438992757,29882.063017644017,42732.178280746695,2152.3527702757983
762.0,28704.684438992757,29853.82788467354,42849.879917148486,2085.9408985554605
763.0,28704.684438992757,29784.721328039304,41219.58482696385,2111.510708916712
764.0,28704.684438992757,29721.81890752562,41425.502987091124,2045.3969122765234
765.0,28704.684438992757,29755.588908288,41067.588592133594,2064.2445848036073
766.0,28704.684438992757,29888.518878664698,47863.79536331115,2186.6070455530958
767.0,28704.684438992757,29803.043600070192,47863.79536331115,2186.9304638636736
768.0,28704.684438992757,29743.496183785537,47863.79536331115,2163.902797213777
769.0,28704.684438992757,29745.22610951484,47863.79536331115,2153.2966307091824
770.0,28704.684438992757,29595.678688880384,44536.470066719885,1856.0656530799363
771.0,28704.684438992757,29684.05640223344,44488.86257416257,1979.8627786742286
772.0,28704.684438992757,29639.739682953747,44581.098036796626,1887.6244278363783
773.0,28704.684438992757,29655.92021247014,41452.85651677902,1938.1162970249595
774.0,28704.684438992757,29671.160377118886,40087.09914401313,1946.8687621238842
775.0,28704.684438992757,29809.057111413385,41194.54818661169,2071.6151285814394
776.0,28704.684438992757,29762.563899115274,44028.66091015232,2021.1568308430344
777.0,28704.684438992757,29816.000801661565,44028.66091015232,2215.498790197702
778.0,28704.684438992757,29758.689536589463,44028.66091015232,2105.127351108671
779.0,28704.684438992757,29784.176122975205,42386.25038410055,2026.0962403213607
780.0,28704.684438992757,29796.01160516045,41721.61949265694,2081.8932134735664
781.0,28704.684438992757,29842.053760209845,40968.25038022416,2105.0827104006803
782.0,28704.684438992757,29882.53742569583,42522.41561020198,2117.0452753137015
783.0,28704.684438992757,29836.546232488956,42522.41561020198,2038.6143885958018
784.0,28704.684438992757,29847.466832421404,42208.28313155762,2112.636897540652
785.0,28704.684438992757,29835.30826013753,40203.25079863236,2131.0886191602026
786.0,28704.684438992757,29866.236698365738,40500.83926419538,2151.009053277567
787.0,28704.684438992757,29898.053040481325,40500.83926419538,2185.0744393183145
788.0,28704.684438992757,29924.618814246158,41198.812526339214,2194.1178869698056
789.0,28704.684438992757,29935.851640260797,43577.91431700696,2212.919051300417
790.0,28704.684438992757,29851.77707807297,43833.15274954062,2195.6165265862946
791.0,28704.684438992757,29823.791395881413,41634.34526659977,2205.106353944907
792.0,28704.684438992757,29782.25619047578,41634.34526659977,2046.660014472806
793.0,28704.684438992757,29778.095560230304,41466.10310708996,1979.7628668049585
794.0,28704.684438992757,29846.33248444241,41466.10310708996,2031.2296485947547
795.0,28704.684438992757,29832.191085013274,43050.784151665386,2171.330350466138
796.0,28704.684438992757,29809.852378024432,43050.784151665386,2206.515026581797
797.0,28704.684438992757,29776.188493630736,41337.59479082213,2052.106845382959
798.0,28704.684438992757,29832.968197380673,41098.15823169733,2130.2878896647194
799.0,28704.684438992757,29681.217419056185,47417.82151124446,2021.4348567411719
800.0,28704.684438992757,29719.041104233977,40528.70595155716,2017.3430870779848
801.0,28704.684438992757,29805.170012453676,41347.96134447223,2128.765338307198
802.0,28704.684438992757,29846.43275983611,41347.96134447223,2172.7562068578286
803.0,28704.684438992757,29785.978844769827,42020.35619856071,2108.933156998028
804.0,28704.684438992757,29861.516218749945,42998.82379546155,2216.622219284709
805.0,28704.684438992757,29890.405695818245,45417.32976405264,2269.7447257828267
806.0,28704.684438992757,29906.113119812155,48336.74899246019,2313.4585907583396
807.0,28704.684438992757,29867.60636270828,48336.74899246019,2230.3637420270984
808.0,28704.684438992757,29755.142033946053,44064.83722985536,2075.52322109353
809.0,28704.684438992757,29701.115602505906,42549.966033490986,1996.1409103892377
810.0,28704.684438992757,29769.24316429752,42452.440494262315,2043.3378470022603
811.0,28704.684438992757,29654.406742330288,40754.163725602106,1886.3425152612224
812.0,28704.684438992757,29693.686250439692,40754.163725602106,1952.1286702409711
813.0,28704.684438992757,29651.933206438203,39274.3560477148,1828.3451636510838
814.0,28704.684438992757,29730.65183817259,41509.42598210536,1963.6064933167586
815.0,28704.684438992757,29736.645223120988,39878.53741615735,1937.4591726786434
816.0,28704.684438992757,29769.439941510613,46504.03010176182,2099.087433722637
817.0,28704.684438992757,29704.443052312712,40598.101633251616,1929.9464798304793
818.0,28704.684438992757,29792.39787435946,45671.09266250003,2082.769219173373
819.0,28704.684438992757,29752.80837025925,45671.09266250003,2060.57729459744
820.0,28704.684438992757,29737.038578124502,41224.712941938895,2034.0051090722418
821.0,28704.684438992757,29775.849002977986,41224.712941938895,1987.9596530672454
822.0,28704.684438992757,29866.072294340745,42922.79153533086,2073.9054035952313
823.0,28704.684438992757,29868.003669561942,45172.15431804577,2223.2356676556656
824.0,28704.684438992757,29788.639373844653,43341.3418623303,2049.2392089845966
825.0,28704.684438992757,29789.645571606965,40134.581730989405,2053.7104307973123
826.0,28704.684438992757,29724.87723746493,39856.683819915226,1997.8316872693142
827.0,28704.684438992757,29794.17708307063,44452.89183052491,2091.1866125628094
828.0,28704.684438992757,29722.69568107878,44452.89183052491,2051.2485506882686
829.0,28704.684438992757,29781.446603301043,43068.354869363015,2064.7149727484516
830.0,28704.684438992757,29778.545790013086,39526.697803739895,2001.5325247910177
831.0,28704.684438992757,29818.592080434442,43116.38323557799,2071.2913373889364
832.0,28704.684438992757,29772.65866484626,45751.51509357137,2069.9175459595713
833.0,28704.684438992757,29814.721579260768,45751.51509357137,2080.0338014222607
834.0,28704.684438992757,29843.06744704245,40494.88115523629,2078.916988196078
835.0,28704.684438992757,29863.013660729248,40873.913127730455,2164.976493970027
836.0,28704.684438992757,29817.49050567189,40975.519376759374,2065.139097661397
837.0,28704.684438992757,29843.519033825,42229.974705837,2110.8024515500483
838.0,28704.684438992757,29816.331679392704,43948.03897494204,2077.82337637275
839.0,28704.684438992757,29846.38616600882,39603.9855242411,2088.42719876719
840.0,28704.684438992757,29864.701961472252,41475.24750011346,2146.949199974898
841.0,28704.684438992757,29848.990914097983,41491.08086328457,2232.667888822857
842.0,28704.684438992757,29890.9689919439,45077.09662674886,2230.324274670033
843.0,28704.684438992757,29774.505955360328,47903.97644808343,2104.417205439423
844.0,28704.684438992757,29713.785193808497,42511.23378481054,2021.6157072804938
845.0,28704.684438992757,29831.351947735435,42520.669269163234,2224.384578510809
846.0,28704.684438992757,29730.981059150537,42759.583564997345,2058.5604568471404
847.0,28704.684438992757,29692.48922786753,41938.677317765505,1939.3893665277878
848.0,28704.684438992757,29698.862959664264,41038.69603353599,1966.081346662634
849.0,28704.684438992757,29733.981580812073,45785.460671578694,1997.5519843820605
850.0,28704.684438992757,29804.837981274963,40310.17904306215,2108.6117725147224
851.0,28704.684438992757,29727.03648622825,41789.525034878636,2011.6622107211895
852.0,28704.684438992757,29741.914526158627,46584.50783485852,2088.1315635980354
853.0,28704.684438992757,29685.007871157297,46584.50783485852,1953.9009028620956
854.0,28704.684438992757,29686.945393437007,39592.930555707004,1930.853720096809
855.0,28704.684438992757,29757.24972060603,39592.930555707004,2010.8072076936526
856.0,28704.684438992757,29820.459501591147,42334.11964709703,2081.3301410216463
857.0,28704.684438992757,29844.0209361222,41974.81528413999,2121.301385719113
858.0,28704.684438992757,29809.576340097243,44253.29307544519,2108.9160239899707
859.0,28704.684438992757,29796.590583004272,42740.04031639461,2075.298506850656
860.0,28704.684438992757,29871.96592445799,42644.28821773904,2127.919201248622
861.0,28704.684438992757,29824.852222569996,44734.83997743136,2081.489554533076
862.0,28704.684438992757,29812.945508015793,41498.42079923148,2021.6953030382147
863.0,28704.684438992757,29758.77076203222,42587.84447199266,1993.9322390890634
864.0,28704.684438992757,29743.876665662403,38296.57726952914,1901.0726454261592
865.0,28704.684438992757,29769.380394337648,39178.03455762538,1962.6758673979236
866.0,28704.684438992757,29786.704661166972,40762.317903648014,2013.9631412577933
867.0,28704.684438992757,29833.44985068759,43115.18394581191,2095.281481418477
868.0,28704.684438992757,29820.701077803027,40581.340335258865,2095.8522466175746
869.0,28704.684438992757,29779.738505422425,40409.59152405028,2009.4475955916546
870.0,28704.684438992757,29846.857143652043,41151.883201076154,2097.446955034367
871.0,28704.684438992757,29893.381997267625,44327.93845786613,2210.162404376829
872.0,28704.684438992757,29801.295914193408,42651.51801089494,2080.8238942275343
873.0,28704.684438992757,29749.521950365404,43051.00623276722,2036.7008656671567
874.0,28704.684438992757,29818.30799947988,45279.3083394933,2189.7964830791543
875.0,28704.684438992757,29832.992548866616,45871.0517913224,2142.6291274533933
876.0,28704.684438992757,29764.47313143254,44854.231342533574,2057.205477351891
877.0,28704.684438992757,29802.767379267996,44854.231342533574,2094.928479185642
878.0,28704.684438992757,29768.968541774208,44854.231342533574,2128.6160194279964
879.0,28704.684438992757,29764.717540785765,44854.231342533574,2086.8737096113805
880.0,28704.684438992757,29749.058148410488,42487.54611502019,2048.0206948496234
881.0,28704.684438992757,29772.20548418621,45771.69265855688,2065.082122839637
882.0,28704.684438992757,29853.8852010386,40857.3013263078,2047.0824418057505
883.0,28704.684438992757,29828.54234080469,41863.09974365441,2116.007242462981
884.0,28704.684438992757,29892.24762990449,42392.75804438521,2220.255575451311
885.0,28704.684438992757,29764.694475276447,42392.75804438521,2098.5618546062956
886.0,28704.684438992757,29787.88871939638,44799.34611256481,2053.1967103744373
887.0,28704.684438992757,29863.29974018746,44799.34611256481,2205.547119654113
888.0,28704.684438992757,29714.639864797668,44409.403621898804,2063.974327584116
889.0,28704.684438992757,29621.979287684986,42192.51842896504,1912.0843132828445
890.0,28704.684438992757,29700.60307004129,39230.72169621443,1957.0641654842304
891.0,28704.684438992757,29818.933218554015,41269.928912227886,2013.1960689695052
892.0,28704.684438992757,29817.231122449954,44227.930045075715,2085.7389519194317
893.0,28704.684438992757,29807.648816107045,42331.653938929674,2083.9959864334487
894.0,28704.684438992757,29786.74869522257,42331.653938929674,2060.957204387666
895.0,28704.684438992757,29808.63859198582,43912.12256680239,2071.1699871253213
896.0,28704.684438992757,29803.62849460773,41278.1684731682,2082.9500741120564
897.0,28704.684438992757,29735.598937852523,40542.79095590906,2033.2414957116162
898.0,28704.684438992757,29809.71816123902,41779.85195629264,2163.7542450160768
899.0,28704.684438992757,29824.743839294915,46492.060431496575,2135.497007584672
900.0,28704.684438992757,29792.02968903405,52186.44839037393,2132.3060092533756
901.0,28704.684438992757,29646.10475554733,39731.3590250229,1887.7611555497315
902.0,28704.684438992757,29635.520579134667,39828.81977651449,1899.3019862202948
903.0,28704.684438992757,29682.116929754095,37531.75823959937,1854.2110047955146
904.0,28704.684438992757,29734.167068512634,41107.70601689858,1960.4927817676326
905.0,28704.684438992757,29803.284184766264,40888.002326466005,2050.973209528044
906.0,28704.684438992757,29837.872161900254,40888.002326466005,2055.61581301122
907.0,28704.684438992757,29830.52108589855,42261.259332261056,2146.7727597718153
908.0,28704.684438992757,29831.141879783274,42917.796007483266,2173.003521204604
909.0,28704.684438992757,29790.027296546286,45505.21503443352,2163.0547166806828
910.0,28704.684438992757,29840.960915245916,44136.4870145686,2154.1016971296117
911.0,28704.684438992757,29842.77052663278,42456.38088144704,2104.649348873247
912.0,28704.684438992757,29880.626678819648,44655.918882750484,2215.0991831229358
913.0,28704.684438992757,29851.56215314382,44588.79852288929,2206.5231528694303
914.0,28704.684438992757,29762.179376875043,43408.9557923042,1989.8946625915028
915.0,28704.684438992757,29820.49814930637,42462.240822359105,2077.4254731425326
916.0,28704.684438992757,29761.142077336346,42831.8051918946,2084.9684415378133
917.0,28704.684438992757,29755.7292515211,45047.53372132133,2044.3259825548253
918.0,28704.684438992757,29772.347107813523,42355.48242536791,2060.153912494847
919.0,28704.684438992757,29808.612768829156,43816.85755165267,2101.988625989373
920.0,28704.684438992757,29783.738891907644,44476.19553558124,2089.9232181377015
921.0,28704.684438992757,29751.720452393223,44476.19553558124,1989.9890752974302
922.0,28704.684438992757,29804.09599770843,44476.19553558124,2087.588614916697
923.0,28704.684438992757,29837.058080080827,45594.631780586256,2186.9516368067366
924.0,28704.684438992757,29756.42922989749,42547.08908212471,2071.6548822233353
925.0,28704.684438992757,29736.185433495546,40642.946076657936,1986.662209719502
926.0,28704.684438992757,29745.48913925295,42322.06132994962,2095.948556369547
927.0,28704.684438992757,29806.34048426365,42322.06132994962,2139.8126862199606
928.0,28704.684438992757,29756.36960363124,42941.049448547,2033.8867946764938
929.0,28704.684438992757,29798.01138768826,44026.50532286361,2155.405995480855
930.0,28704.684438992757,29650.05810326388,45071.65671958149,1945.7981263753404
931.0,28704.684438992757,29727.920607141623,42265.41797349495,1973.0409823801228
932.0,28704.684438992757,29709.662887234554,40591.90312232348,1977.5215403894922
933.0,28704.684438992757,29698.34977712689,42508.23622709299,1945.7082507525759
934.0,28704.684438992757,29766.53573974825,42510.522732073616,2002.9554013939792
935.0,28704.684438992757,29798.445867957264,43203.942687498755,2072.910887487449
936.0,28704.684438992757,29740.68148534205,41139.10432020615,2020.0371259483513
937.0,28704.684438992757,29719.818702370645,41288.439112255845,1990.5396376819065
938.0,28704.684438992757,29831.50158243246,42789.237184915,2136.8875475943905
939.0,28704.684438992757,29727.269592868084,45573.05427581713,2063.8623683105347
940.0,28704.684438992757,29679.03422215139,51893.72727855828,2085.2620797287827
941.0,28704.684438992757,29737.098559891463,44714.51586685958,2023.4547539594234
942.0,28704.684438992757,29677.006560786856,42640.64320339667,1936.6106932150547
943.0,28704.684438992757,29785.224121804247,42640.64320339667,2087.6075087368617
944.0,28704.684438992757,29711.1437408857,40189.14667910735,1959.6448139465551
945.0,28704.684438992757,29825.342757982675,43862.4445960168,2100.549392199314
946.0,28704.684438992757,29722.666815785666,42725.6516916135,1965.7210413892408
947.0,28704.684438992757,29870.24212553008,42144.83200296534,2143.0429065358103
948.0,28704.684438992757,29847.835096229897,40002.99585643737,2074.573734866201
949.0,28704.684438992757,29787.833871944556,40668.52299460854,2066.6745974495525
950.0,28704.684438992757,29782.124228317694,40389.33902340467,2050.066257360925
951.0,28704.684438992757,29781.953433420247,44495.63312017564,2031.3258493514645
952.0,28704.684438992757,29728.788372550916,40953.76964019981,1981.8923217768988
953.0,28704.684438992757,29717.068370567635,41795.53677542333,1994.074886619987
954.0,28704.684438992757,29677.485939722676,42221.40317006192,1893.511137538507
955.0,28704.684438992757,29758.54491197326,44036.12862756995,2091.097579022849
956.0,28704.684438992757,29805.414949934195,42221.40317006192,2065.7053458972937
957.0,28704.684438992757,29785.974278490878,40736.98597176766,2011.3563223422248
958.0,28704.684438992757,29715.84462815702,41036.12200730596,2047.9312847325498
959.0,28704.684438992757,29778.29103327279,42522.595215419926,2125.066077964133
960.0,28704.684438992757,29695.816808190873,42839.92363390206,2054.2212560119247
961.0,28704.684438992757,29721.273636847614,42715.370899126014,2080.90360958164
962.0,28704.684438992757,29723.581686909823,43079.64292065932,2061.51858757958
963.0,28704.684438992757,29810.828970436916,43744.58361134645,2159.5974403411583
964.0,28704.684438992757,29839.021741383018,43287.76502515503,2181.9700447184655
965.0,28704.684438992757,29737.81294292165,48946.32959911665,2052.7933391452175
966.0,28704.684438992757,29655.138459263315,41728.70981633107,1934.033599260407
967.0,28704.684438992757,29612.671618660665,40963.39300710759,1862.2062680715053
968.0,28704.684438992757,29766.318907937624,43722.090318224844,2086.577942725108
969.0,28704.684438992757,29706.63059733119,42495.956787904826,2007.646845905003
970.0,28704.684438992757,29690.72676435687,47788.237854703126,1993.3743571844423
971.0,28704.684438992757,29779.50313393909,41878.92622573496,2054.1092937383532
972.0,28704.684438992757,29727.128384128308,47767.59800706798,2087.7090831904598
973.0,28704.684438992757,29799.83115156272,47767.59800706798,2118.143634881251
974.0,28704.684438992757,29776.997584809516,44863.30684215071,2026.844953893263
975.0,28704.684438992757,29718.430011843946,41804.29234505508,2024.0171131267246
976.0,28704.684438992757,29709.92978495094,41134.74170968012,1998.9029839618981
977.0,28704.684438992757,29889.619211839203,42116.72310172037,2235.0437391526166
978.0,28704.684438992757,29794.16192078479,41929.22627558313,2128.2482779650177
979.0,28704.684438992757,29813.942855201203,46737.069282366196,2202.302966649782
980.0,28704.684438992757,29809.788182704255,43014.23910623549,2100.7794907992466
981.0,28704.684438992757,29858.440789558656,42420.46117497249,2162.688922877395
982.0,28704.684438992757,29847.556029646417,44085.25111556454,2175.0617500979806
983.0,28704.684438992757,29884.506047035742,45209.950149635064,2173.3315317292286
984.0,28704.684438992757,29755.1845867435,41654.092418188455,2007.1668138508387
985.0,28704.684438992757,29876.551839104737,41950.001119729015,2098.8006252593655
986.0,28704.684438992757,29948.170632513717,41332.367023668776,2205.548020001759
987.0,28704.684438992757,29862.74166310789,40893.27328965887,2099.737849055234
988.0,28704.684438992757,29753.13762915863,43026.27099667475,2023.9150007688215
989.0,28704.684438992757,29841.394029564915,41869.33280945473,2081.0330250142806
990.0,28704.684438992757,29814.0812665118,41272.867350729815,2041.0499449658257
991.0,28704.684438992757,29881.25732284885,45586.251098228044,2199.4878327753217
992.0,28704.684438992757,29780.74599593221,45524.72466138878,2067.6463690145533
993.0,28704.684438992757,29794.779410294028,45524.72466138878,2132.7519312380964
994.0,28704.684438992757,29764.303019167273,48049.75444395897,2112.854709342732
995.0,28704.684438992757,29837.410575377275,43210.43839434275,2158.9333430243123
996.0,28704.684438992757,29683.54026102557,43210.43839434275,1960.4149845568895
997.0,28704.684438992757,29771.138086507366,42698.54069970365,2038.531565370095
998.0,28704.684438992757,29747.4387379781,39964.60737608037,2010.0742168179368
999.0,28704.684438992757,29754.069412644352,40849.97202441825,2033.653268344882
